{
  "port": 4096,
  "address": "0.0.0.0",
  "publicIp": "",
  "logLevel": "debug",
  "magic": "personal",
  "api": {
    "access": {
      "whiteList": []
    }
  },
  "peers": {
    "list": [],
    "blackList": [],
    "options": {
      "timeout": 4000,
      "pingTimeout": 500
    }
  },
  "forging": {
    "secret": [
      "run sheriff differ lonely turn asset remain gorilla shine magic wing remember",
      "moon become interest business ability work fetch stock soldier inmate hen trim",
      "bottom poverty escape desk employ jar produce whisper wasp ensure resource rotate",
      "belt among attract burger border win timber reason flag length caught glue",
      "when move electric method unique aerobic odor era brush horse fly cute",
      "level coach sort sausage submit utility debris concert morning canal various measure",
      "bench track angle error blood illness curtain input this shoulder disease sand",
      "still leisure gold cream unfold saddle way slot immune spray address still",
      "erase express pioneer side announce liberty carbon volcano apart life practice visit",
      "congress square glory convince hospital language rate sadness blue fame man battle",
      "retire virus concert prison exotic unhappy toward rebel receive wide sleep drift",
      "exact gas judge doll nasty hospital punch physical library cluster lab level",
      "enact melt usual tumble result unfair waste fat lawsuit paddle baby gasp",
      "analyst gate wink dentist universe legal pottery whale rule upper clock juice",
      "winter patrol office save pyramid flame ticket spike labor public follow drop",
      "predict coyote cash plug mixed sing burden vital fantasy settle medal popular",
      "fluid bracket forum either face bird toy april boss stamp february pencil",
      "pass movie matter gown laugh leaf spoon game fiscal soft bonus twenty",
      "license escape cave link nerve clever limb regular syrup debris dish repair",
      "announce lake coin detail great during chronic busy dash now concert mean",
      "dinosaur lesson multiply acquire two giraffe shuffle bless foil daring ocean phone",
      "flee powder differ army deposit become naive cup rescue ostrich grace gate",
      "mesh sail firm ahead drip fox ankle recall swarm region safe cushion",
      "spice expire soldier error cheese book grant that fatigue prefer upset stone",
      "satoshi measure ready uniform live jazz identify onion profit swear neutral deer",
      "discover glad divert team rotate couch waste entry field exhaust shine similar",
      "surge confirm slam aisle urban pupil shaft sun domain fame prefer arrest",
      "angle music throw essence ring message bike reason leopard veteran thank family",
      "dial pear motion habit rescue record ladder tragic crumble chef reopen card",
      "judge orchard hour elbow bargain display coach pyramid person fly exit transfer",
      "clock hand long height health mammal expire glass erosion midnight black future",
      "outdoor stairs screen wine woman luggage craft sphere deposit monkey bubble submit",
      "time much accuse orange wisdom print view bird action public fortune soul",
      "timber west notable inspire motion mammal key fortune vanish pledge settle crystal",
      "host sugar palace fault swift song dentist tunnel debris nice combine orient",
      "end region depart bus drastic atom scorpion bag marine cross above table",
      "smart beauty crawl carry good tower pigeon spatial step public team unaware",
      "frost act review aunt usual supply just unique attend slot cabin bunker",
      "stool riot ancient decade holiday pause appear fatal chief trust smile drop",
      "rabbit discover stay figure base discover first resemble zebra bench manual cigar",
      "boring federal penalty below pledge broom leader swap mansion ladder pink mail",
      "joke humor lucky chest moral runway drive equip behave proof finish state",
      "medal path elite trade pave attitude define spare gold flag various shy",
      "glue verify disagree shoot kangaroo emerge peanut aunt prevent increase replace rare",
      "plastic meat cabin upgrade rather holiday spy grab adjust target palm tone",
      "pen bid few gesture because version about vast marble dragon warfare ski",
      "limb rapid update sail where marriage slot glove boil adjust kitten offer",
      "upset subject evidence sister laugh toast flag space symbol fantasy indoor wedding",
      "crucial era coil purity aim cereal expand begin you salon false utility",
      "argue fix mosquito lounge sport song globe number south loyal vault zero",
      "swamp canyon gas raven icon hammer main tool merge crucial health effort",
      "purity mutual very galaxy robust science harvest awful gather sea rare taste",
      "valve dignity acid win oppose resource proof car clock catch prepare cash",
      "forum that common foster rubber render river wife cute sea solid wine",
      "roast soup involve siren merit panic mushroom domain bleak hill tired initial",
      "problem frost rigid law frog pepper student excite turn trim visit panda",
      "clown park effort decade crazy busy soon rural toss taste second income",
      "hurdle dawn monkey bunker news eternal grass icon screen thunder error short",
      "velvet joy club current envelope hair clip banana record cheese behave debris",
      "blue primary great also drum expose relax spike like ticket lecture bridge",
      "vendor welcome scrub awake ghost hen hawk cigar bid caution afraid rifle",
      "picture iron become bamboo cost acoustic little page ball grab ball multiply",
      "laundry into panther surface concert nerve box old subject milk feed carpet",
      "bridge depth genre rapid weird cancel habit sentence coil swarm base medal",
      "shy hat tortoise suggest nice ramp asthma basic extra blouse great fiscal",
      "anchor naive bonus travel loan paddle chest film awkward recycle surround window",
      "glow wasp stock glass resist toddler common melody mom claim hybrid voyage",
      "obtain dinner divorce patrol fit base science friend spin mammal fury bless",
      "innocent farm team view genuine deer jealous boring relief critic mystery depth",
      "grunt ship silent angry evidence pride recipe dance muffin bullet subway tide",
      "survey wild pizza way forget recipe control tilt monster oblige couple panic",
      "wise level couch shaft find next news fence public enemy web dignity",
      "famous merge stamp click night crack odor poverty number smart build future",
      "large eye educate expand energy artwork voyage chef clown kitchen act when",
      "tattoo senior monster profit chunk slow coin domain cheese include attitude intact",
      "pitch receive tent walnut adjust friend evil bachelor bomb bleak student employ",
      "decorate limit bundle dash silly iron dutch sure burst duty there address",
      "glory intact punch region music aware pudding gloom lamp stove tray repair",
      "post floor pretty hour coach train razor napkin version inner rate umbrella",
      "idle throw excuse huge try mask fuel train exotic first ketchup better",
      "lottery material pattern plunge rifle skull slide bird monitor sauce danger this",
      "wagon shaft enforce riot awake garment clump loyal learn sand office three",
      "busy now claim ancient century feature dune clinic chef local story exact",
      "fame safe tip anxiety hood human crowd sand depart betray borrow kit",
      "powder hire offer picnic window exotic infant case credit loan extra bacon",
      "repair doctor net choice month catalog salute mixture again prison feel voyage",
      "praise coin display private climb ugly divorce barely rotate speed dismiss drop",
      "basic breeze joke street aim argue work act flight mesh exist cannon",
      "cabin acid false unaware adult cute pottery glue nature salon begin midnight",
      "improve border yard cram brother situate brass pave quarter breeze health easy",
      "seek mesh tooth quiz fitness ocean party catch crane saddle ozone ski",
      "lumber seminar cram giraffe exercise payment common coach insane bird fish frozen",
      "since blue fly friend cover myth donor leg elephant maple easily fat",
      "journey shell risk lucky female this forum spot seek crouch toy unable",
      "anger stay wheel arctic crack gold nose judge load rug toddler aware",
      "kite sibling chalk improve kick problem extend better income family lunar imitate",
      "lazy siren tag under acoustic mind shed author quality cat wish jewel",
      "glue skate helmet list wise slogan excuse claim water art alley world",
      "rookie silk actress satoshi wet miracle mammal common uphold build derive salad",
      "penalty drip genius feel emerge divert pipe until case push adjust regular",
      "subject below favorite picture quote voyage own frozen asset priority nest solution"
    ],
    "access": {
      "whiteList": [
        "127.0.0.1"
      ]
    }
  },
  "loading": {
    "verifyOnLoading": false,
    "loadPerIteration": 5000
  },
  "ssl": {
    "enabled": false,
    "options": {
      "port": 443,
      "address": "0.0.0.0",
      "key": "./ssl/server.key",
      "cert": "./ssl/server.crt"
    }
  },
  "dapp": {
    "masterpassword": "ytfACAMegjrK",
    "params": {}
  }
}